Category,Message
spam,Get cheap Ray-Ban Sunglasses with free shipping worldwide! Order at http://claim-now-win.com
spam,Congratulations! You won $1000 Cash. Redeem at http://bit.ly/exclusive-bonus now before offer expires.
spam,Get cheap Crypto Trading Bot with free shipping worldwide! Order at http://bit.ly/exclusive-bonus
ham,Your order for coffee mug has been confirmed. Track your delivery online.
spam,Get cheap Designer Watches with free shipping worldwide! Order at http://bit.ly/exclusive-bonus
spam,Congratulations! You won iPhone 15 Pro. Redeem at http://claim-now-win.com now before offer expires.
ham,"Hi team, please find attached the meeting notes for our project sync."
ham,Thanks Laura for sending over the design mockups. It looks great!
ham,"Hi David, can you review the financial summary by 2:00 PM? Let me know your thoughts."
ham,The meeting has been rescheduled to Friday 11:00 AM due to room availability. Updated calendar invite attached.
spam,Get cheap Designer Watches with free shipping worldwide! Order at http://claim-now-win.com
spam,Get cheap Viagra & Cialis with free shipping worldwide! Order at http://secure-verify-account.net
spam,Exclusive deal! 95% off on luxury Keto Weight Loss Pills. Shop now at http://claim-now-win.com
ham,"Hi team, please find attached the financial summary for our project sync."
ham,"Hi Sarah, could you please review the attached contract draft and let me know if any clauses need revision?"
ham,"Hi all, please note that the office will be closed on next Tuesday."
ham,"Hi team, please find attached the financial summary for our project sync."
ham,"Hi all, please note that the office will be closed on Friday."
spam,"Exclusive Limited Time Offer! Get 80% off luxury Swiss watches, Rolex, Omega. Free shipping worldwide! Order now http://replica-luxury-watches.com"
spam,"WINNER!! As a valued customer, you have won a guaranteed £1000 cash or a 4* holiday in Spain! Call 09061701461 now."
spam,URGENT: Reply YES to win $500 Amazon Gift Card! Click http://secure-verify-account.net or call 0871-240-0010
spam,FINAL NOTICE: Overdue payment for Amazon. Call 0906-778-900 to prevent legal action.
ham,"Hi John, can you review the financial summary by tomorrow morning? Let me know your thoughts."
spam,FINAL NOTICE: Overdue payment for Wells Fargo. Call 0871-240-0010 to prevent legal action.
spam,ALERT: Your Apple ID account is blocked. Verify at http://bit.ly/exclusive-bonus immediately.
ham,"Hi all, please note that the office will be closed on Wednesday."
ham,"Hey Daniel, are we still meeting at this afternoon for code review session?"
spam,Congratulations! You won Free Rolex Watch. Redeem at http://claim-now-win.com now before offer expires.
ham,"Dear Student, Your registration for Fall 2026 courses has been confirmed. View your schedule in the student portal."
spam,ALERT: Your Wells Fargo account is blocked. Verify at http://cheap-deals-online.org immediately.
spam,Exclusive deal! 90% off on luxury Designer Watches. Shop now at http://cheap-deals-online.org
spam,Congratulations! You won $1000 Cash. Redeem at http://bit.ly/exclusive-bonus now before offer expires.
spam,Get cheap Ray-Ban Sunglasses with free shipping worldwide! Order at http://bit.ly/exclusive-bonus
ham,"Hi David, could you please help me with the documentation update when you have a moment?"
ham,"Hi Daniel, can you review the meeting notes by 4:30 PM? Let me know your thoughts."
ham,"Hi Jessica, could you please help me with the database migration when you have a moment?"
ham,"Hi Kevin, can you review the project proposal by 10:00 AM? Let me know your thoughts."
spam,"Earn $2,500 daily working from home. No experience needed. Details: http://claim-now-win.com"
ham,Thanks Daniel for sending over the financial summary. It looks great!
spam,Congratulations! You won 200 Free Bitcoin. Redeem at http://cheap-deals-online.org now before offer expires.
ham,Reminder: team standup is scheduled for Friday at 4:30 PM. See you there!
ham,"Hi all, please note that the office will be closed on Monday."
ham,"Hi Sarah, could you please help me with the database migration when you have a moment?"
ham,"Hey Daniel, are we still meeting at tomorrow morning for client demo?"
spam,Exclusive deal! 80% off on luxury Crypto Trading Bot. Shop now at http://bit.ly/exclusive-bonus
ham,"Hi team, please find attached the meeting notes for our project sync."
spam,URGENT: Reply YES to win $500 Amazon Gift Card! Click http://claim-now-win.com or call 0800-123-9988
spam,Exclusive deal! 95% off on luxury Keto Weight Loss Pills. Shop now at http://secure-verify-account.net
spam,ALERT: Your Bank of America account is blocked. Verify at http://secure-verify-account.net immediately.
spam,"Claim your free $2,500 gift card today! Click http://cheap-deals-online.org to activate."
ham,"Hi Kevin, can you review the quarterly report by 10:00 AM? Let me know your thoughts."
spam,"Claim your free $1,000 gift card today! Click http://secure-verify-account.net to activate."
spam,FINAL NOTICE: Overdue payment for Netflix. Call 0800-123-9988 to prevent legal action.
spam,Exclusive deal! 80% off on luxury Crypto Trading Bot. Shop now at http://secure-verify-account.net
ham,"Hi David, could you please help me with the UI alignment when you have a moment?"
spam,Exclusive deal! 80% off on luxury Crypto Trading Bot. Shop now at http://claim-now-win.com
ham,"Hi all, please note that the office will be closed on next Tuesday."
spam,Exclusive deal! 80% off on luxury Keto Weight Loss Pills. Shop now at http://claim-now-win.com
spam,Cheap flight tickets and hotel deals! Book now and get 70% discount on summer vacation packages.
ham,Reminder: coffee break is scheduled for Friday at tomorrow morning. See you there!
spam,Congratulations! You won 200 Free Bitcoin. Redeem at http://cheap-deals-online.org now before offer expires.
spam,"Huge discount on designer bags, Gucci, Prada, Louis Vuitton! Up to 90% off clearance sale ending today!"
spam,Congratulations! You won iPhone 15 Pro. Redeem at http://bit.ly/exclusive-bonus now before offer expires.
ham,Reminder: client demo is scheduled for Wednesday at this afternoon. See you there!
ham,Thanks John for sending over the sprint plan. It looks great!
spam,Earn $500 daily working from home. No experience needed. Details: http://bit.ly/exclusive-bonus
spam,"Claim your free $2,500 gift card today! Click http://cheap-deals-online.org to activate."
spam,ALERT: Your Wells Fargo account is blocked. Verify at http://claim-now-win.com immediately.
spam,Congratulations! You won iPhone 15 Pro. Redeem at http://cheap-deals-online.org now before offer expires.
ham,"Hi team, please find attached the sprint plan for our project sync."
spam,Congratulations! You won Tesla Model 3. Redeem at http://cheap-deals-online.org now before offer expires.
ham,Your order for keyboard has been confirmed. Track your delivery online.
spam,Exclusive deal! 90% off on luxury Viagra & Cialis. Shop now at http://claim-now-win.com
spam,FINAL NOTICE: Overdue payment for Wells Fargo. Call 1-800-555-0199 to prevent legal action.
spam,Get cheap Keto Weight Loss Pills with free shipping worldwide! Order at http://cheap-deals-online.org
ham,"Hi all, please note that the office will be closed on Monday."
spam,URGENT: Verify your details to win $500 Amazon Gift Card! Click http://secure-verify-account.net or call 0871-240-0010
ham,"Hey David, are we still meeting at this afternoon for code review session?"
ham,"Hi all, please note that the office will be closed on Monday."
ham,Thanks Michael for sending over the design mockups. It looks great!
ham,Your order for monitor has been confirmed. Track your delivery online.
ham,"Hi all, please note that the office will be closed on Wednesday."
ham,Your order for keyboard has been confirmed. Track your delivery online.
spam,FINAL WARNING: Your IRS tax payment is overdue. Arrest warrant issued. Call emergency helpline immediately at 1-800-555-0199.
ham,Your order for monitor has been confirmed. Track your delivery online.
ham,"Hi Emily, can you review the project proposal by this afternoon? Let me know your thoughts."
ham,Your order for laptop stand has been confirmed. Track your delivery online.
ham,Reminder: client demo is scheduled for Friday at 4:30 PM. See you there!
ham,Thanks John for sending over the design mockups. It looks great!
spam,Get cheap Designer Watches with free shipping worldwide! Order at http://cheap-deals-online.org
spam,URGENT: Verify your details to win Free Rolex Watch! Click http://claim-now-win.com or call 0800-123-9988
spam,URGENT: Reply YES to win 200 Free Bitcoin! Click http://cheap-deals-online.org or call 0800-123-9988
ham,Thanks Sarah for sending over the design mockups. It looks great!
ham,"Hi all, please note that the office will be closed on next Tuesday."
spam,Congratulations! You won Free Rolex Watch. Redeem at http://cheap-deals-online.org now before offer expires.
spam,Get cheap Viagra & Cialis with free shipping worldwide! Order at http://cheap-deals-online.org
ham,Reminder: team standup is scheduled for Monday at this afternoon. See you there!
ham,Your order for keyboard has been confirmed. Track your delivery online.
spam,URGENT: Act now to win $500 Amazon Gift Card! Click http://secure-verify-account.net or call 0906-778-900
spam,"Claim your free $1,000 gift card today! Click http://bit.ly/exclusive-bonus to activate."
ham,Thanks Kevin for sending over the project proposal. It looks great!
ham,"Hi all, please note that the office will be closed on Wednesday."
spam,URGENT: Act now to win $500 Amazon Gift Card! Click http://secure-verify-account.net or call 0906-778-900
ham,Reminder: lunch is scheduled for Monday at tomorrow morning. See you there!
spam,URGENT: Verify your details to win $1000 Cash! Click http://cheap-deals-online.org or call 0906-778-900
spam,"Claim your free $2,500 gift card today! Click http://claim-now-win.com to activate."
ham,"Hi all, please note that the office will be closed on next Tuesday."
spam,"Earn $1,000 daily working from home. No experience needed. Details: http://cheap-deals-online.org"
spam,Exclusive deal! 80% off on luxury Crypto Trading Bot. Shop now at http://cheap-deals-online.org
ham,Reminder: team standup is scheduled for Wednesday at 10:00 AM. See you there!
ham,Can you please send me the source code repository link for the new frontend dashboard feature?
ham,Thanks Laura for sending over the financial summary. It looks great!
spam,"ALERT: Suspicious login attempt detected on your PayPal account from Russia. If this was not you, secure your account at http://paypal-security-alert-check.com"
ham,"Hi Alex, could you please help me with the API bug fix when you have a moment?"
spam,Exclusive deal! 90% off on luxury Designer Watches. Shop now at http://secure-verify-account.net
spam,Exclusive deal! 80% off on luxury Designer Watches. Shop now at http://cheap-deals-online.org
ham,Hey! Are we still meeting for lunch today at 12:30 PM at the Italian place downtown?
ham,"Hi all, please note that the office will be closed on Friday."
ham,"Hey Jessica, are we still meeting at tomorrow morning for coffee break?"
ham,"Hi Sarah, can you review the financial summary by this afternoon? Let me know your thoughts."
spam,Exclusive deal! 70% off on luxury Keto Weight Loss Pills. Shop now at http://claim-now-win.com
spam,Exclusive deal! 90% off on luxury Designer Watches. Shop now at http://secure-verify-account.net
spam,"Selected for $2,000 cash grant from Government relief fund. No repayment needed. Click link to enter details."
ham,"Hi all, please note that the office will be closed on Wednesday."
ham,"Good morning, here is the agenda for our project sync call at 2 PM today: 1. Sprint status 2. API integration 3. QA updates."
ham,"Hey Laura, are we still meeting at 2:00 PM for team standup?"
spam,FINAL NOTICE: Overdue payment for Netflix. Call 0906-778-900 to prevent legal action.
spam,FINAL NOTICE: Overdue payment for Amazon. Call 0800-123-9988 to prevent legal action.
ham,"Hi team, please find attached the financial summary for our project sync."
spam,Congratulations! You won Free Rolex Watch. Redeem at http://bit.ly/exclusive-bonus now before offer expires.
spam,Exclusive deal! 95% off on luxury Viagra & Cialis. Shop now at http://bit.ly/exclusive-bonus
spam,ALERT: Your Netflix account is blocked. Verify at http://cheap-deals-online.org immediately.
ham,"Hi Michael, can you review the design mockups by 2:00 PM? Let me know your thoughts."
spam,"Earn $5,000 per week working from home! No experience required. Simple copy paste job. Apply now at http://easy-home-cash-jobs.com"
ham,"Hi Laura, can you review the sprint plan by this afternoon? Let me know your thoughts."
ham,"Hi Jessica, could you please help me with the UI alignment when you have a moment?"
ham,"Hi team, code freeze for release v2.4 starts tonight at midnight. Please merge all approved PRs before then."
ham,"Hey John, are we still meeting at this afternoon for coffee break?"
spam,"Claim your free $5,000 gift card today! Click http://cheap-deals-online.org to activate."
spam,Exclusive deal! 90% off on luxury Crypto Trading Bot. Shop now at http://bit.ly/exclusive-bonus
spam,Congratulations! You won Tesla Model 3. Redeem at http://bit.ly/exclusive-bonus now before offer expires.
spam,ALERT: Your PayPal account is blocked. Verify at http://claim-now-win.com immediately.
spam,Exclusive deal! 90% off on luxury Crypto Trading Bot. Shop now at http://secure-verify-account.net
ham,Reminder: team standup is scheduled for Monday at 2:00 PM. See you there!
ham,"Hi all, please note that the office will be closed on next Tuesday."
spam,Earn $500 daily working from home. No experience needed. Details: http://claim-now-win.com
spam,FINAL NOTICE: Overdue payment for Amazon. Call 0906-778-900 to prevent legal action.
spam,ALERT: Your Bank of America account is blocked. Verify at http://bit.ly/exclusive-bonus immediately.
ham,"Hi, I won't be able to attend today's standup as I'm taking a personal day off. I'll post my updates in Slack."
spam,ALERT: Your Netflix account is blocked. Verify at http://cheap-deals-online.org immediately.
spam,"Free Casino Chips worth $250! Play online poker, slots and blackjack. Register now and win big jackpot!"
ham,"Hi Emily, could you please help me with the documentation update when you have a moment?"
ham,"Hi Kevin, could you please help me with the unit test coverage when you have a moment?"
spam,URGENT: Claim immediately to win Free Rolex Watch! Click http://bit.ly/exclusive-bonus or call 0800-123-9988
ham,"Hi Jessica, could you please help me with the database migration when you have a moment?"
spam,"Earn $5,000 daily working from home. No experience needed. Details: http://claim-now-win.com"
ham,"Hi team, please find attached the meeting notes for our project sync."
ham,Your order for laptop stand has been confirmed. Track your delivery online.
spam,ALERT: Your Amazon account is blocked. Verify at http://claim-now-win.com immediately.
spam,"URGENT! You have won a $1,000 Walmart Gift Card. Claim your reward immediately at http://bit.ly/claim-reward-now"
ham,Thanks Laura for sending over the sprint plan. It looks great!
ham,"Hi Jessica, could you please help me with the documentation update when you have a moment?"
ham,Thanks Michael for sending over the sprint plan. It looks great!
ham,Your order for coffee mug has been confirmed. Track your delivery online.
spam,"Earn $1,000 daily working from home. No experience needed. Details: http://secure-verify-account.net"
spam,Congratulations! You won 200 Free Bitcoin. Redeem at http://claim-now-win.com now before offer expires.
spam,URGENT: Your mobile line will be disconnected in 2 hours. Top up instantly or call customer support at 09058094567
ham,Thanks Sarah for sending over the quarterly report. It looks great!
spam,Congratulations! You won 200 Free Bitcoin. Redeem at http://secure-verify-account.net now before offer expires.
spam,"Claim your free $2,500 gift card today! Click http://bit.ly/exclusive-bonus to activate."
ham,"Hi team, please find attached the project proposal for our project sync."
ham,Your monthly electricity bill for July ($84.20) is ready to view online. Auto-pay will process on Aug 15.
spam,Get unlimited access to premium adult movies and private live cams for FREE! Click here to activate your trial membership.
spam,Exclusive deal! 70% off on luxury Crypto Trading Bot. Shop now at http://claim-now-win.com
ham,"Hi team, please find attached the project proposal for our project sync."
spam,ALERT: Your PayPal account is blocked. Verify at http://cheap-deals-online.org immediately.
ham,"Hi team, please find attached the meeting notes for our project sync."
ham,"Hi Alex, please find attached the quarterly financial report for Q3. Let me know if you have any questions before the meeting."
ham,"Hi Kevin, can you review the meeting notes by 4:30 PM? Let me know your thoughts."
ham,"Hi all, please note that the office will be closed on Monday."
spam,"Earn $5,000 daily working from home. No experience needed. Details: http://secure-verify-account.net"
ham,The server maintenance has been completed successfully. All services are up and running smoothly.
spam,Exclusive deal! 95% off on luxury Crypto Trading Bot. Shop now at http://claim-now-win.com
ham,"Hi all, please note that the office will be closed on Friday."
spam,Claim your free $500 gift card today! Click http://secure-verify-account.net to activate.
spam,Get cheap Ray-Ban Sunglasses with free shipping worldwide! Order at http://claim-now-win.com
ham,Your order for laptop stand has been confirmed. Track your delivery online.
spam,Congratulations! You won $1000 Cash. Redeem at http://secure-verify-account.net now before offer expires.
spam,FINAL NOTICE: Overdue payment for Amazon. Call 0800-123-9988 to prevent legal action.
ham,"Hi team, please find attached the meeting notes for our project sync."
spam,ALERT: Your PayPal account is blocked. Verify at http://secure-verify-account.net immediately.
spam,Congratulations! You won $500 Amazon Gift Card. Redeem at http://claim-now-win.com now before offer expires.
ham,"Hi Sarah, could you please help me with the documentation update when you have a moment?"
ham,Reminder: lunch is scheduled for next Tuesday at this afternoon. See you there!
ham,Your order for book has been confirmed. Track your delivery online.
ham,"Hi all, please note that the office will be closed on next Tuesday."
ham,"Hi team, please find attached the financial summary for our project sync."
ham,"Hey, what time are we heading to the gym tonight? Let me know if 6 PM works for you."
ham,"Hey Emily, are we still meeting at 4:30 PM for code review session?"
spam,URGENT: Reply YES to win Tesla Model 3! Click http://claim-now-win.com or call 1-800-555-0199
ham,"Hi Laura, could you please help me with the UI alignment when you have a moment?"
ham,"Hi team, please find attached the design mockups for our project sync."
spam,"Claim your free $5,000 gift card today! Click http://secure-verify-account.net to activate."
ham,Your order for coffee mug has been confirmed. Track your delivery online.
ham,Your order for coffee mug has been confirmed. Track your delivery online.
ham,"Hi mom, I just landed safely at the airport. Catching a taxi to the hotel now. Will call you once I check in."
ham,"Hi Emily, could you please help me with the documentation update when you have a moment?"
spam,"Claim your free $5,000 gift card today! Click http://cheap-deals-online.org to activate."
spam,Get cheap Ray-Ban Sunglasses with free shipping worldwide! Order at http://secure-verify-account.net
spam,Get cheap Ray-Ban Sunglasses with free shipping worldwide! Order at http://bit.ly/exclusive-bonus
spam,URGENT: Claim immediately to win $500 Amazon Gift Card! Click http://secure-verify-account.net or call 0906-778-900
ham,"Hi team, please find attached the sprint plan for our project sync."
ham,"Hi Michael, can you review the meeting notes by 2:00 PM? Let me know your thoughts."
spam,Get cheap Keto Weight Loss Pills with free shipping worldwide! Order at http://secure-verify-account.net
ham,Reminder: coffee break is scheduled for Friday at 10:00 AM. See you there!
ham,"Hey Laura, are we still meeting at 4:30 PM for client demo?"
ham,"Hi Kevin, could you please help me with the database migration when you have a moment?"
ham,"Hi Laura, could you please help me with the documentation update when you have a moment?"
ham,"Hi team, please find attached the sprint plan for our project sync."
spam,FINAL NOTICE: Overdue payment for Bank of America. Call 1-800-555-0199 to prevent legal action.
ham,Thanks Emily for sending over the design mockups. It looks great!
ham,"Hi team, please find attached the financial summary for our project sync."
ham,Your order for coffee mug has been confirmed. Track your delivery online.
ham,"Hey Jessica, are we still meeting at tomorrow morning for coffee break?"
ham,"Hi Alex, can you review the financial summary by this afternoon? Let me know your thoughts."
spam,URGENT: Reply YES to win Free Rolex Watch! Click http://bit.ly/exclusive-bonus or call 0906-778-900
spam,"Claim your free $5,000 gift card today! Click http://claim-now-win.com to activate."
spam,"Earn $2,500 daily working from home. No experience needed. Details: http://cheap-deals-online.org"
ham,"Hi Alex, could you please help me with the API bug fix when you have a moment?"
spam,Hot single women in your neighborhood want to meet you tonight! No credit card required. Click here to view profiles: http://meet-singles-now.com
ham,"Hey Sarah, are we still meeting at 2:00 PM for lunch?"
spam,Security Alert: Someone accessed your Netflix account from unknown device. Update password now: http://netflix-account-update-sec.com
spam,URGENT: Claim immediately to win Free Rolex Watch! Click http://claim-now-win.com or call 0800-123-9988
ham,"Hi all, please note that the office will be closed on Wednesday."
spam,FINAL NOTICE: Overdue payment for Netflix. Call 0871-240-0010 to prevent legal action.
ham,Reminder: coffee break is scheduled for Wednesday at this afternoon. See you there!
ham,"Hi team, please find attached the sprint plan for our project sync."
ham,"Hi Jessica, can you review the financial summary by tomorrow morning? Let me know your thoughts."
ham,"Hi John, could you please help me with the database migration when you have a moment?"
ham,"Hey Alex, are we still meeting at tomorrow morning for team standup?"
spam,URGENT: Act now to win 200 Free Bitcoin! Click http://claim-now-win.com or call 1-800-555-0199
spam,Exclusive deal! 70% off on luxury Designer Watches. Shop now at http://claim-now-win.com
spam,Your credit score dropped by 45 points! Check your free credit score report and fix negative items now.
ham,"Hi Michael, can you review the sprint plan by 10:00 AM? Let me know your thoughts."
spam,Congratulations! You won iPhone 15 Pro. Redeem at http://secure-verify-account.net now before offer expires.
ham,"Hey Alex, are we still meeting at 10:00 AM for team standup?"
ham,Thanks John for sending over the meeting notes. It looks great!
spam,"Claim your free $5,000 gift card today! Click http://cheap-deals-online.org to activate."
spam,FINAL NOTICE: Overdue payment for Apple ID. Call 0906-778-900 to prevent legal action.
ham,"Hi team, please find attached the project proposal for our project sync."
ham,Your order for keyboard has been confirmed. Track your delivery online.
ham,Your order for book has been confirmed. Track your delivery online.
ham,"Your order #94821 has been shipped via UPS. Expected delivery date is Thursday, Aug 8th. Track package here."
ham,"Hi team, please find attached the financial summary for our project sync."
ham,"Hi Laura, can you review the meeting notes by 4:30 PM? Let me know your thoughts."
ham,Thanks Kevin for sending over the quarterly report. It looks great!
spam,"Claim your free $2,500 gift card today! Click http://claim-now-win.com to activate."
spam,Congratulations! You won Free Rolex Watch. Redeem at http://cheap-deals-online.org now before offer expires.
ham,Your order for book has been confirmed. Track your delivery online.
spam,Get cheap Designer Watches with free shipping worldwide! Order at http://claim-now-win.com
spam,"Earn $1,000 daily working from home. No experience needed. Details: http://claim-now-win.com"
spam,Get cheap Keto Weight Loss Pills with free shipping worldwide! Order at http://claim-now-win.com
ham,"Hi team, please find attached the sprint plan for our project sync."
spam,Congratulations! You won $500 Amazon Gift Card. Redeem at http://claim-now-win.com now before offer expires.
spam,Lose 20 lbs in 14 days with revolutionary miracle keto weight loss pill! Order your free trial bottle today!
ham,"Hey, do you want to grab coffee before the client presentation starts?"
spam,Exclusive deal! 80% off on luxury Crypto Trading Bot. Shop now at http://claim-now-win.com
ham,"Hi Emily, could you please help me with the unit test coverage when you have a moment?"
ham,"Hi Jessica, could you please help me with the UI alignment when you have a moment?"
spam,Get cheap Ray-Ban Sunglasses with free shipping worldwide! Order at http://claim-now-win.com
ham,"Hey Jessica, are we still meeting at 4:30 PM for code review session?"
ham,"Hi Laura, could you please help me with the UI alignment when you have a moment?"
spam,FINAL NOTICE: Overdue payment for Bank of America. Call 0871-240-0010 to prevent legal action.
spam,Get cheap Designer Watches with free shipping worldwide! Order at http://claim-now-win.com
spam,Exclusive deal! 95% off on luxury Keto Weight Loss Pills. Shop now at http://bit.ly/exclusive-bonus
ham,Reminder: coffee break is scheduled for next Tuesday at 10:00 AM. See you there!
ham,Your order for keyboard has been confirmed. Track your delivery online.
ham,"Hi David, can you review the financial summary by tomorrow morning? Let me know your thoughts."
spam,"Get cheap prescription drugs online! Viagra, Cialis, Xanax without doctor prescription. Fast worldwide delivery http://online-rx-deals.com"
spam,Exclusive deal! 70% off on luxury Viagra & Cialis. Shop now at http://cheap-deals-online.org
ham,"Hi Mark, I have uploaded the project assets to Google Drive. Let me know if you need any additional formats."
ham,Your order for book has been confirmed. Track your delivery online.
ham,"Hi Kevin, can you review the meeting notes by 2:00 PM? Let me know your thoughts."
spam,Your Apple ID has been locked for security reasons. Verify your identity within 24 hours to prevent permanent termination.
spam,Congratulations! You won iPhone 15 Pro. Redeem at http://claim-now-win.com now before offer expires.
ham,"Hey Daniel, are we still meeting at tomorrow morning for code review session?"
ham,"Hi team, please find attached the quarterly report for our project sync."
spam,IMPORTANT NOTICE: Your Bank Account has been compromised. Verify your details now at https://secure-bank-login-verify.com to avoid account suspension.
ham,"Hi Michael, could you please help me with the unit test coverage when you have a moment?"
ham,"Hey Alex, are we still meeting at tomorrow morning for code review session?"
ham,"Hey Sarah, are we still meeting at 2:00 PM for coffee break?"
ham,"Hi David, could you please help me with the UI alignment when you have a moment?"
ham,"Hi Emily, could you please help me with the UI alignment when you have a moment?"
spam,Get cheap Designer Watches with free shipping worldwide! Order at http://cheap-deals-online.org
spam,Congratulations winner! Reply YES to claim your free $100 Target shopping card.
ham,"Hi all, please note that the office will be closed on Wednesday."
spam,URGENT: Claim immediately to win Tesla Model 3! Click http://secure-verify-account.net or call 1-800-555-0199
spam,Get cheap Designer Watches with free shipping worldwide! Order at http://bit.ly/exclusive-bonus
spam,Get cheap Keto Weight Loss Pills with free shipping worldwide! Order at http://secure-verify-account.net
spam,Congratulations! You won Tesla Model 3. Redeem at http://secure-verify-account.net now before offer expires.
spam,Exclusive deal! 90% off on luxury Designer Watches. Shop now at http://claim-now-win.com
spam,Congratulations! You won $1000 Cash. Redeem at http://bit.ly/exclusive-bonus now before offer expires.
ham,Thanks Emily for sending over the financial summary. It looks great!
spam,Exclusive deal! 70% off on luxury Crypto Trading Bot. Shop now at http://bit.ly/exclusive-bonus
ham,"Hi David, could you please help me with the documentation update when you have a moment?"
ham,Reminder: code review session is scheduled for Wednesday at tomorrow morning. See you there!
spam,"Earn $1,000 daily working from home. No experience needed. Details: http://bit.ly/exclusive-bonus"
ham,Thanks Emily for sending over the sprint plan. It looks great!
ham,"Hi team, please find attached the quarterly report for our project sync."
ham,Reminder: lunch is scheduled for Wednesday at this afternoon. See you there!
ham,"Hi Alex, could you please help me with the UI alignment when you have a moment?"
spam,Congratulations! You won 200 Free Bitcoin. Redeem at http://secure-verify-account.net now before offer expires.
ham,"Hey Emily, are we still meeting at this afternoon for lunch?"
spam,URGENT: Act now to win 200 Free Bitcoin! Click http://secure-verify-account.net or call 0871-240-0010
ham,Your order for monitor has been confirmed. Track your delivery online.
spam,FINAL NOTICE: Overdue payment for Bank of America. Call 0906-778-900 to prevent legal action.
ham,"Hi Team, great job on reaching our Q2 milestone early! Thank you all for your hard work and dedication."
spam,Get cheap Ray-Ban Sunglasses with free shipping worldwide! Order at http://secure-verify-account.net
spam,Earn $500 daily working from home. No experience needed. Details: http://bit.ly/exclusive-bonus
ham,Thanks Sarah for sending over the project proposal. It looks great!
ham,"Hi all, please note that the office will be closed on next Tuesday."
ham,"Hi all, please note that the office will be closed on Monday."
ham,"Hi team, please find attached the quarterly report for our project sync."
spam,Get cheap Designer Watches with free shipping worldwide! Order at http://bit.ly/exclusive-bonus
ham,Your order for laptop stand has been confirmed. Track your delivery online.
spam,"Claim your free $2,500 gift card today! Click http://claim-now-win.com to activate."
ham,"Hi all, please note that the office will be closed on Friday."
ham,"Hi all, please note that the office will be closed on Friday."
spam,Congratulations! You won 200 Free Bitcoin. Redeem at http://claim-now-win.com now before offer expires.
ham,"Hi team, please find attached the quarterly report for our project sync."
ham,Reminder: code review session is scheduled for Monday at 4:30 PM. See you there!
ham,Thanks Daniel for sending over the quarterly report. It looks great!
spam,URGENT: Verify your details to win $500 Amazon Gift Card! Click http://bit.ly/exclusive-bonus or call 0871-240-0010
ham,"Hi all, please note that the office will be closed on Wednesday."
ham,"Hey Michael, are we still meeting at tomorrow morning for coffee break?"
ham,"Hi Kevin, can you review the meeting notes by tomorrow morning? Let me know your thoughts."
ham,"Hi John, can you review the meeting notes by 4:30 PM? Let me know your thoughts."
spam,You have (1) pending package delivery from FedEx. Action required! Confirm your address and pay $1.99 fee at http://fedex-package-tracking.info
ham,"Hey David, are we still meeting at 10:00 AM for lunch?"
spam,"Earn $1,000 daily working from home. No experience needed. Details: http://cheap-deals-online.org"
spam,"Earn $2,500 daily working from home. No experience needed. Details: http://bit.ly/exclusive-bonus"
spam,URGENT: Claim immediately to win Free Rolex Watch! Click http://secure-verify-account.net or call 0800-123-9988
ham,Thanks for bringing pizza to the team gathering yesterday! It was really delicious.
ham,Your order for laptop stand has been confirmed. Track your delivery online.
spam,FINAL NOTICE: Overdue payment for Apple ID. Call 0800-123-9988 to prevent legal action.
spam,ALERT: Your Bank of America account is blocked. Verify at http://cheap-deals-online.org immediately.
ham,"Hey John, are we still meeting at 10:00 AM for team standup?"
ham,Thanks Emily for sending over the design mockups. It looks great!
ham,"Hi John, could you please help me with the documentation update when you have a moment?"
spam,Exclusive deal! 70% off on luxury Keto Weight Loss Pills. Shop now at http://claim-now-win.com
ham,Reminder: code review session is scheduled for Friday at 10:00 AM. See you there!
ham,Please find attached the receipt for your recent purchase at Best Buy. Thank you for shopping with us.
spam,FINAL NOTICE: Overdue payment for PayPal. Call 0906-778-900 to prevent legal action.
spam,Congratulations! You won Free Rolex Watch. Redeem at http://cheap-deals-online.org now before offer expires.
ham,"Hi Sarah, could you please help me with the unit test coverage when you have a moment?"
ham,Thanks Michael for sending over the meeting notes. It looks great!
spam,Claim your free $500 gift card today! Click http://claim-now-win.com to activate.
ham,"Hi Sarah, could you please help me with the UI alignment when you have a moment?"
ham,"Hi Jennifer, can you send over the final invoice for the design work completed last month?"
spam,URGENT: Verify your details to win $1000 Cash! Click http://cheap-deals-online.org or call 1-800-555-0199
ham,"Hi John, can you review the project proposal by 2:00 PM? Let me know your thoughts."
ham,Your order for monitor has been confirmed. Track your delivery online.
spam,Exclusive deal! 80% off on luxury Keto Weight Loss Pills. Shop now at http://cheap-deals-online.org
ham,"Hi Alex, can you review the sprint plan by 2:00 PM? Let me know your thoughts."
ham,"Hey Alex, are we still meeting at 2:00 PM for lunch?"
spam,Exclusive deal! 90% off on luxury Viagra & Cialis. Shop now at http://cheap-deals-online.org
ham,Your order for laptop stand has been confirmed. Track your delivery online.
ham,"Hi all, please note that the office will be closed on next Tuesday."
ham,"Hi Alex, can you review the meeting notes by 2:00 PM? Let me know your thoughts."
ham,"Hey Alex, are we still meeting at 2:00 PM for lunch?"
spam,URGENT: Reply YES to win Free Rolex Watch! Click http://claim-now-win.com or call 1-800-555-0199
ham,Reminder: lunch is scheduled for Friday at 10:00 AM. See you there!
spam,Congratulations! You won $500 Amazon Gift Card. Redeem at http://claim-now-win.com now before offer expires.
spam,"Earn $2,500 daily working from home. No experience needed. Details: http://bit.ly/exclusive-bonus"
spam,Exclusive deal! 95% off on luxury Keto Weight Loss Pills. Shop now at http://secure-verify-account.net
ham,Your order for monitor has been confirmed. Track your delivery online.
spam,Get cheap Keto Weight Loss Pills with free shipping worldwide! Order at http://secure-verify-account.net
ham,"Hi Laura, could you please help me with the unit test coverage when you have a moment?"
ham,"Hey Alex, are we still meeting at tomorrow morning for code review session?"
spam,Congratulations! You won Tesla Model 3. Redeem at http://secure-verify-account.net now before offer expires.
ham,Thank you for interviewing with our team yesterday. We were impressed with your experience and will follow up by Friday.
ham,"Hi team, please find attached the meeting notes for our project sync."
spam,FINAL NOTICE: Overdue payment for Netflix. Call 0906-778-900 to prevent legal action.
spam,FINAL NOTICE: Overdue payment for Apple ID. Call 0871-240-0010 to prevent legal action.
spam,"Earn $1,000 daily working from home. No experience needed. Details: http://cheap-deals-online.org"
ham,Your order for monitor has been confirmed. Track your delivery online.
spam,Get cheap Keto Weight Loss Pills with free shipping worldwide! Order at http://cheap-deals-online.org
ham,"Hi team, please find attached the sprint plan for our project sync."
ham,Your order for keyboard has been confirmed. Track your delivery online.
ham,Your order for coffee mug has been confirmed. Track your delivery online.
ham,"Hi team, please find attached the design mockups for our project sync."
ham,Thanks Laura for sending over the design mockups. It looks great!
ham,Thanks Sarah for sending over the financial summary. It looks great!
spam,Get cheap Designer Watches with free shipping worldwide! Order at http://claim-now-win.com
ham,Reminder: client demo is scheduled for Monday at 4:30 PM. See you there!
ham,Your order for book has been confirmed. Track your delivery online.
spam,ALERT: Your Apple ID account is blocked. Verify at http://claim-now-win.com immediately.
ham,Your order for monitor has been confirmed. Track your delivery online.
spam,Get cheap Designer Watches with free shipping worldwide! Order at http://bit.ly/exclusive-bonus
spam,"Claim your free $2,500 gift card today! Click http://cheap-deals-online.org to activate."
spam,"Claim your free $5,000 gift card today! Click http://cheap-deals-online.org to activate."
ham,Your order for monitor has been confirmed. Track your delivery online.
ham,Your order for coffee mug has been confirmed. Track your delivery online.
ham,"Hi all, please note that the office will be closed on Friday."
ham,"Hi all, please note that the office will be closed on Wednesday."
ham,"Hey Kevin, are we still meeting at 10:00 AM for team standup?"
ham,"Hey Daniel, are we still meeting at 2:00 PM for client demo?"
ham,Your order for book has been confirmed. Track your delivery online.
ham,"Hi David, can you review the sprint plan by 10:00 AM? Let me know your thoughts."
ham,Your order for keyboard has been confirmed. Track your delivery online.
ham,"Hey, do you happen to have the notes from yesterday's database design workshop?"
spam,URGENT: Verify your details to win Free Rolex Watch! Click http://secure-verify-account.net or call 1-800-555-0199
ham,"Hi team, please find attached the meeting notes for our project sync."
ham,"Hi team, please find attached the quarterly report for our project sync."
spam,FINAL NOTICE: Overdue payment for Netflix. Call 0871-240-0010 to prevent legal action.
spam,Congratulations! You won $500 Amazon Gift Card. Redeem at http://secure-verify-account.net now before offer expires.
ham,Your order for monitor has been confirmed. Track your delivery online.
ham,"Hi Alex, could you please help me with the unit test coverage when you have a moment?"
ham,Reminder: coffee break is scheduled for next Tuesday at 4:30 PM. See you there!
ham,"Hey David, are we still meeting at this afternoon for client demo?"
ham,"Hi team, please find attached the quarterly report for our project sync."
spam,Exclusive deal! 95% off on luxury Keto Weight Loss Pills. Shop now at http://claim-now-win.com
ham,"Hi Michael, could you please help me with the database migration when you have a moment?"
spam,"Earn $1,000 daily working from home. No experience needed. Details: http://claim-now-win.com"
ham,"Dear Customer, Your monthly bank statement for account ending in 4821 is now available in online banking."
ham,Reminder: coffee break is scheduled for Friday at tomorrow morning. See you there!
spam,Congratulations! You won $500 Amazon Gift Card. Redeem at http://bit.ly/exclusive-bonus now before offer expires.
ham,Reminder: coffee break is scheduled for Monday at 2:00 PM. See you there!
spam,FINAL NOTICE: Overdue payment for Apple ID. Call 0800-123-9988 to prevent legal action.
ham,"Hi Sarah, could you please help me with the documentation update when you have a moment?"
spam,URGENT: Reply YES to win Tesla Model 3! Click http://cheap-deals-online.org or call 1-800-555-0199
ham,"Hi team, please find attached the financial summary for our project sync."
spam,URGENT: Verify your details to win Free Rolex Watch! Click http://secure-verify-account.net or call 0871-240-0010
spam,ALERT: Your Bank of America account is blocked. Verify at http://cheap-deals-online.org immediately.
spam,Exclusive deal! 95% off on luxury Ray-Ban Sunglasses. Shop now at http://secure-verify-account.net
spam,Exclusive deal! 95% off on luxury Crypto Trading Bot. Shop now at http://bit.ly/exclusive-bonus
ham,"Hi all, please note that the office will be closed on Friday."
ham,Reminder: team standup is scheduled for Wednesday at 4:30 PM. See you there!
ham,Thanks Sarah for sending over the meeting notes. It looks great!
spam,ALERT: Your Apple ID account is blocked. Verify at http://secure-verify-account.net immediately.
ham,"Hi Kevin, can you review the financial summary by tomorrow morning? Let me know your thoughts."
ham,Reminder: coffee break is scheduled for Monday at this afternoon. See you there!
ham,"Hi team, please find attached the meeting notes for our project sync."
spam,Exclusive deal! 90% off on luxury Keto Weight Loss Pills. Shop now at http://secure-verify-account.net
ham,"Hi all, please note that the office will be closed on next Tuesday."
ham,Reminder: Your doctor appointment with Dr. Smith is scheduled for tomorrow at 10:00 AM. Reply C to confirm.
ham,Thanks John for sending over the financial summary. It looks great!
spam,"Claim your free $2,500 gift card today! Click http://bit.ly/exclusive-bonus to activate."
spam,Get cheap Keto Weight Loss Pills with free shipping worldwide! Order at http://cheap-deals-online.org
ham,"Hi Michael, could you please help me with the API bug fix when you have a moment?"
ham,"Hi all, please note that the office will be closed on next Tuesday."
spam,"Claim your free $1,000 gift card today! Click http://bit.ly/exclusive-bonus to activate."
ham,"Hi Sarah, can you review the quarterly report by 2:00 PM? Let me know your thoughts."
ham,"Hi Laura, could you please help me with the API bug fix when you have a moment?"
spam,Congratulations! You won 200 Free Bitcoin. Redeem at http://secure-verify-account.net now before offer expires.
spam,"Claim your free $1,000 gift card today! Click http://cheap-deals-online.org to activate."
spam,Get cheap Viagra & Cialis with free shipping worldwide! Order at http://bit.ly/exclusive-bonus
ham,Thanks for sending the presentation slides. I reviewed them and they look great. Just left a couple of minor comments.
spam,Get cheap Crypto Trading Bot with free shipping worldwide! Order at http://bit.ly/exclusive-bonus
spam,URGENT: Reply YES to win iPhone 15 Pro! Click http://bit.ly/exclusive-bonus or call 1-800-555-0199
spam,"Claim your free $5,000 gift card today! Click http://cheap-deals-online.org to activate."
ham,"Hey Laura, are we still meeting at 2:00 PM for team standup?"
spam,Congratulations! You won $500 Amazon Gift Card. Redeem at http://secure-verify-account.net now before offer expires.
spam,Claim your free iPhone 15 Pro Max today! You have been chosen in our annual tech giveaway. Click link to claim now!
spam,Get cheap Designer Watches with free shipping worldwide! Order at http://secure-verify-account.net
spam,WARNING: Virus detected on your Computer/Mobile! System compromised. Download antivirus repair tool immediately.
spam,Congratulations! You won Free Rolex Watch. Redeem at http://bit.ly/exclusive-bonus now before offer expires.
spam,Congratulations! You won $500 Amazon Gift Card. Redeem at http://bit.ly/exclusive-bonus now before offer expires.
spam,URGENT: Claim immediately to win $500 Amazon Gift Card! Click http://cheap-deals-online.org or call 0800-123-9988
ham,Thanks Alex for sending over the design mockups. It looks great!
ham,Reminder: coffee break is scheduled for Monday at this afternoon. See you there!
spam,ALERT: Your Wells Fargo account is blocked. Verify at http://cheap-deals-online.org immediately.
ham,Thanks David for sending over the financial summary. It looks great!
spam,Get cheap Keto Weight Loss Pills with free shipping worldwide! Order at http://claim-now-win.com
spam,Exclusive deal! 95% off on luxury Crypto Trading Bot. Shop now at http://claim-now-win.com
spam,"Earn $2,500 daily working from home. No experience needed. Details: http://bit.ly/exclusive-bonus"
ham,"Hi John, could you please help me with the UI alignment when you have a moment?"
ham,"Hey Emily, are we still meeting at this afternoon for coffee break?"
ham,Thanks Alex for sending over the financial summary. It looks great!
spam,"Claim your free $1,000 gift card today! Click http://claim-now-win.com to activate."
ham,Your order for book has been confirmed. Track your delivery online.
ham,Reminder: lunch is scheduled for next Tuesday at 2:00 PM. See you there!
spam,ALERT: Your Bank of America account is blocked. Verify at http://claim-now-win.com immediately.
ham,"Hey Emily, are we still meeting at 4:30 PM for coffee break?"
ham,"Hi Sarah, could you please help me with the unit test coverage when you have a moment?"
spam,ALERT: Your Netflix account is blocked. Verify at http://bit.ly/exclusive-bonus immediately.
ham,"Hey Kevin, are we still meeting at tomorrow morning for client demo?"
ham,"Dear Team, Please remember to submit your weekly timesheets by 5 PM today. Thank you for your cooperation."
ham,Reminder: coffee break is scheduled for Wednesday at 10:00 AM. See you there!
ham,Reminder: coffee break is scheduled for Monday at 10:00 AM. See you there!
spam,URGENT: Act now to win $500 Amazon Gift Card! Click http://claim-now-win.com or call 0906-778-900
spam,Congratulations! You won $500 Amazon Gift Card. Redeem at http://bit.ly/exclusive-bonus now before offer expires.
spam,Double your Bitcoins in 24 hours! Guaranteed return of 200%. Send your BTC to address 1A1zP1eP5QGefi2DMPTfTL5SLmv7DivfNa now!
spam,URGENT: Verify your details to win $500 Amazon Gift Card! Click http://secure-verify-account.net or call 1-800-555-0199
ham,"Hi all, please note that the office will be closed on Wednesday."
ham,Reminder: team standup is scheduled for Monday at 4:30 PM. See you there!
ham,Your order for coffee mug has been confirmed. Track your delivery online.
spam,Earn $500 daily working from home. No experience needed. Details: http://bit.ly/exclusive-bonus
spam,"Claim your free $2,500 gift card today! Click http://claim-now-win.com to activate."
ham,"Hi Sarah, could you please help me with the API bug fix when you have a moment?"
ham,"Hi Laura, could you please help me with the UI alignment when you have a moment?"
ham,Reminder: code review session is scheduled for Friday at 2:00 PM. See you there!
spam,Congratulations! You won $500 Amazon Gift Card. Redeem at http://secure-verify-account.net now before offer expires.
ham,Your order for keyboard has been confirmed. Track your delivery online.
spam,Get cheap Ray-Ban Sunglasses with free shipping worldwide! Order at http://bit.ly/exclusive-bonus
spam,Claim your free $500 gift card today! Click http://cheap-deals-online.org to activate.
ham,"Hi everyone, the office will remain closed on Monday for the national holiday. Have a great long weekend!"
spam,Exclusive deal! 95% off on luxury Designer Watches. Shop now at http://bit.ly/exclusive-bonus
spam,Exclusive deal! 70% off on luxury Ray-Ban Sunglasses. Shop now at http://claim-now-win.com
ham,"Hi Alex, could you please help me with the database migration when you have a moment?"
ham,Thanks John for sending over the quarterly report. It looks great!
spam,FINAL NOTICE: Overdue payment for Amazon. Call 0906-778-900 to prevent legal action.
spam,FINAL NOTICE: Overdue payment for Bank of America. Call 0800-123-9988 to prevent legal action.
spam,FINAL NOTICE: Overdue payment for PayPal. Call 0906-778-900 to prevent legal action.
spam,Get cheap Designer Watches with free shipping worldwide! Order at http://claim-now-win.com
spam,"Unclaimed funds notice: State treasury holding $4,500 in your name. Verify identity to claim your check."
ham,"Hi team, please find attached the quarterly report for our project sync."
spam,ALERT: Your Bank of America account is blocked. Verify at http://claim-now-win.com immediately.
ham,"Hi Daniel, can you review the design mockups by 4:30 PM? Let me know your thoughts."
ham,Your order for monitor has been confirmed. Track your delivery online.
ham,"Hey Dave, happy birthday! Hope you have a wonderful day celebrating with family and friends."
ham,Your order for laptop stand has been confirmed. Track your delivery online.
ham,Your order for laptop stand has been confirmed. Track your delivery online.
ham,Thanks David for sending over the project proposal. It looks great!
spam,ALERT: Your Wells Fargo account is blocked. Verify at http://cheap-deals-online.org immediately.
spam,Get cheap Keto Weight Loss Pills with free shipping worldwide! Order at http://cheap-deals-online.org
ham,"Hi all, please note that the office will be closed on Wednesday."
spam,"Earn $5,000 daily working from home. No experience needed. Details: http://cheap-deals-online.org"
ham,"Hi all, please note that the office will be closed on Wednesday."
ham,Your order for book has been confirmed. Track your delivery online.
spam,Congratulations! You won 200 Free Bitcoin. Redeem at http://secure-verify-account.net now before offer expires.
spam,Urgent response requested: I am Barrister Eric Mensah representing late client with $10.5M deposit. Reply with full details for transfer share.
spam,ALERT: Your Apple ID account is blocked. Verify at http://secure-verify-account.net immediately.
spam,ALERT: Your Apple ID account is blocked. Verify at http://cheap-deals-online.org immediately.
ham,Reminder: team standup is scheduled for Friday at this afternoon. See you there!
ham,"Hi Daniel, could you please help me with the API bug fix when you have a moment?"
spam,"Earn $5,000 daily working from home. No experience needed. Details: http://claim-now-win.com"
spam,"Claim your free $5,000 gift card today! Click http://claim-now-win.com to activate."
spam,FINAL NOTICE: Overdue payment for PayPal. Call 0800-123-9988 to prevent legal action.
ham,"Hi Jessica, could you please help me with the API bug fix when you have a moment?"
ham,"Hi John, I updated the pull request based on your feedback. Please take another look when you get a chance."
spam,Exclusive deal! 95% off on luxury Designer Watches. Shop now at http://secure-verify-account.net
ham,Thanks Daniel for sending over the sprint plan. It looks great!
ham,Your order for coffee mug has been confirmed. Track your delivery online.
ham,"Hi Laura, could you please help me with the API bug fix when you have a moment?"
spam,FINAL NOTICE: Overdue payment for PayPal. Call 0800-123-9988 to prevent legal action.
spam,Exclusive deal! 80% off on luxury Ray-Ban Sunglasses. Shop now at http://bit.ly/exclusive-bonus
spam,Exclusive deal! 90% off on luxury Crypto Trading Bot. Shop now at http://cheap-deals-online.org
ham,"Hey Emily, are we still meeting at tomorrow morning for team standup?"
ham,"Hi Laura, can you review the project proposal by 10:00 AM? Let me know your thoughts."
spam,Exclusive deal! 90% off on luxury Crypto Trading Bot. Shop now at http://cheap-deals-online.org
ham,Thanks John for sending over the sprint plan. It looks great!
spam,Congratulations! You've been selected to receive a free $500 Amazon Voucher. Call 0800 123 4567 to claim.
ham,"Hey Emily, are we still meeting at 4:30 PM for team standup?"
spam,Claim your free $500 gift card today! Click http://cheap-deals-online.org to activate.
spam,URGENT: Verify your details to win Tesla Model 3! Click http://cheap-deals-online.org or call 1-800-555-0199
spam,"Earn $2,500 daily working from home. No experience needed. Details: http://bit.ly/exclusive-bonus"
ham,"Hi Emily, can you review the sprint plan by 10:00 AM? Let me know your thoughts."
ham,"Hi Sarah, could you please help me with the API bug fix when you have a moment?"
ham,"Hey Michael, are we still meeting at this afternoon for code review session?"
ham,Reminder: coffee break is scheduled for Monday at tomorrow morning. See you there!
spam,URGENT: Reply YES to win Tesla Model 3! Click http://claim-now-win.com or call 0800-123-9988
ham,Thanks Emily for sending over the sprint plan. It looks great!
ham,"Hi team, please find attached the financial summary for our project sync."
spam,Congratulations! You won Tesla Model 3. Redeem at http://cheap-deals-online.org now before offer expires.
spam,"Low rate pre-approved personal loan up to $50,000! Zero processing fee. Apply in 2 minutes: http://quick-cash-loans-online.com"
ham,"Hi team, please find attached the project proposal for our project sync."
ham,"Hi Alex, can you review the meeting notes by 4:30 PM? Let me know your thoughts."
spam,ALERT: Your Bank of America account is blocked. Verify at http://cheap-deals-online.org immediately.
spam,"Earn $2,500 daily working from home. No experience needed. Details: http://claim-now-win.com"
ham,Your order for keyboard has been confirmed. Track your delivery online.
ham,Thanks Emily for sending over the sprint plan. It looks great!
ham,Your order for keyboard has been confirmed. Track your delivery online.
ham,Reminder: team standup is scheduled for Wednesday at 2:00 PM. See you there!
spam,Get cheap Crypto Trading Bot with free shipping worldwide! Order at http://cheap-deals-online.org
ham,Reminder: coffee break is scheduled for next Tuesday at 10:00 AM. See you there!
ham,"Hey Laura, are we still meeting at this afternoon for lunch?"
spam,"Claim your free $5,000 gift card today! Click http://cheap-deals-online.org to activate."
ham,"Hey David, are we still meeting at 2:00 PM for code review session?"
ham,"Hey Daniel, are we still meeting at this afternoon for team standup?"
spam,Exclusive deal! 80% off on luxury Ray-Ban Sunglasses. Shop now at http://claim-now-win.com
ham,"Hi team, please find attached the design mockups for our project sync."
ham,Reminder: coffee break is scheduled for Wednesday at 10:00 AM. See you there!
spam,Exclusive deal! 80% off on luxury Viagra & Cialis. Shop now at http://cheap-deals-online.org
spam,Make $500 an hour trading forex and options with automatic AI trading bot. 100% win rate guaranteed!
ham,"Hi all, please note that the office will be closed on next Tuesday."
ham,"Hi all, please note that the office will be closed on next Tuesday."
spam,"Earn $1,000 daily working from home. No experience needed. Details: http://bit.ly/exclusive-bonus"
spam,ALERT: Your Wells Fargo account is blocked. Verify at http://secure-verify-account.net immediately.
spam,ALERT: Your Wells Fargo account is blocked. Verify at http://secure-verify-account.net immediately.
ham,"Hi Jessica, can you review the meeting notes by 4:30 PM? Let me know your thoughts."
ham,"Hi all, please note that the office will be closed on Wednesday."
ham,Thanks John for sending over the meeting notes. It looks great!
ham,"Hi team, please find attached the design mockups for our project sync."
ham,"Hey, I left my laptop charger in conference room B. Could you check if it's still on the table?"
spam,FINAL NOTICE: Overdue payment for Amazon. Call 0871-240-0010 to prevent legal action.
spam,Exclusive deal! 80% off on luxury Designer Watches. Shop now at http://cheap-deals-online.org
ham,"Hi team, please find attached the quarterly report for our project sync."
spam,ALERT: Your Netflix account is blocked. Verify at http://bit.ly/exclusive-bonus immediately.
ham,"Hi all, please note that the office will be closed on Wednesday."
ham,"Hi Alex, could you please help me with the UI alignment when you have a moment?"
spam,ALERT: Your Amazon account is blocked. Verify at http://cheap-deals-online.org immediately.
ham,Your order for book has been confirmed. Track your delivery online.
spam,"Claim your free $5,000 gift card today! Click http://claim-now-win.com to activate."
spam,You have won a free pass to the International Crypto Summit! Register now to receive 500 free tokens.
spam,Exclusive deal! 70% off on luxury Designer Watches. Shop now at http://bit.ly/exclusive-bonus
spam,"Earn $1,000 daily working from home. No experience needed. Details: http://secure-verify-account.net"
spam,FINAL NOTICE: Overdue payment for Bank of America. Call 0906-778-900 to prevent legal action.
ham,Reminder: team standup is scheduled for Monday at this afternoon. See you there!
spam,Exclusive deal! 70% off on luxury Ray-Ban Sunglasses. Shop now at http://cheap-deals-online.org
